<?xml version="1.0" encoding="UTF-8"?>
<beans xmlns="http://www.springframework.org/schema/beans"
	xmlns:xsi="http://www.w3.org/2001/XMLSchema-instance"
    xmlns:context="http://www.springframework.org/schema/context"
	xsi:schemaLocation="http://www.springframework.org/schema/beans
     http://www.springframework.org/schema/beans/spring-beans-4.0.xsd
     http://www.springframework.org/schema/context
     http://www.springframework.org/schema/context/spring-context-4.0.xsd">
     <bean id="employee" class="com.cg.prob3.Employee" >
     	<property name="employeeId" value="12345"/>
        <property name="employeeName" value="Harriet"/>
        <property name="employeesalary" value="40000.0"/>
      </bean>
      <bean id="employee1" class= "com.cg.prob3.Employee">
        <property name="employeeId" value="12345"/>
        <property name="employeeName" value="Harriet"/>
        <property name="employeesalary" value="40000.0"/>
      </bean>
        <bean id="sbu" class="com.cg.prob3.SBU">
        <property name="sbucode" value="PES-BU "/>
        <property name="sbuName" value="Kiran rao "/>
        <property name="sbuHead" value="Product engineering Services"/>
        <property name="emplist">
        <list>
        <ref bean="employee"/>
        <ref bean="employee1"/>
        </list>
        </property>
        </bean>
        </beans>